model,cv_rmse_mean,cv_rmse_std,cv_mae_mean,cv_r2_mean
gradient_boosting,0.020688919731835804,0.012147207007001243,0.0019863426751961424,0.9997193196908419
random_forest,0.02207309262251461,0.003852702197256976,0.0048526785714285686,0.9997419780344105
linear_regression,0.1755533446628163,0.008228615449717978,0.14564828003873725,0.9841030847648857
dummy_mean,1.4160430772771009,0.08273862431635123,1.212842793367347,-0.02312043071580989
